id,book_title,author_name,genre,page_count,price
1,metus aenean fermentum,Karry McGilvra,mystery,299,1439
2,in tempor,Abie Gopsell,fiction,111,2695
3,risus praesent lectus,Hartley Western,romance,561,2290
4,in ante,Mellisa Seaborne,non-fiction,706,2285
5,eget rutrum,Renard Whates,romance,881,1678
6,dolor vel,Shermie Meachem,fiction,215,2393
7,justo eu,La verne Standbrook,romance,963,2016
8,quis tortor,Dyana Sleford,sci-fi,992,3493
9,porta volutpat,Christean Dray,fiction,599,1941
10,posuere felis sed,Danica Tyers,non-fiction,164,1379
11,ante vel ipsum,Marlon Henke,mystery,429,4705
12,odio condimentum,Eb Holligan,sci-fi,779,3140
13,dictumst aliquam,Nathalie Willers,romance,313,1981
14,pellentesque ultrices mattis,Ilise Bengal,romance,916,2380
15,turpis adipiscing,Alexina Vinsen,sci-fi,383,2806
16,duis faucibus accumsan,Stephie Flatman,fiction,423,1225
17,ridiculus mus vivamus,Fidela Le Fevre,sci-fi,627,2560
18,augue vestibulum ante,Page Jeffries,romance,204,2675
19,sapien in sapien,Lukas Wassung,mystery,504,3634
20,rhoncus aliquet pulvinar,Rip Palphramand,mystery,436,4994
21,dolor sit,Olivier Teasey,non-fiction,539,2039
22,ut rhoncus aliquet,Bran Gerish,romance,578,4340
23,integer ac neque,Ronnica Etty,fiction,379,2907
24,sapien cum sociis,Carmella Scurrer,mystery,634,3164
25,aliquet maecenas leo,Fancie Coultass,romance,974,4269
26,at lorem integer,Lilllie Killough,non-fiction,872,3694
27,tincidunt eu,Jaynell Burless,romance,956,4372
28,vehicula consequat,Gardie Corrington,non-fiction,791,1384
29,iaculis congue,Lock Heineke,mystery,251,4918
30,mi nulla,Gerrard Puttergill,non-fiction,952,3568
31,ut nulla,Misti Bertson,romance,151,3419
32,tincidunt ante,Conant Capaldo,romance,462,1535
33,a pede,Lorens Faust,mystery,238,4461
34,dignissim vestibulum vestibulum,Emmerich Tume,sci-fi,730,4250
35,eget vulputate,Odie Weale,non-fiction,193,4594
36,hendrerit at vulputate,Kiley Swepson,mystery,592,4550
37,pede lobortis ligula,Leeland Wane,mystery,636,1125
38,ut mauris,Lenna Karp,mystery,803,1479
39,id mauris vulputate,Lyn Gascoyen,non-fiction,311,4431
40,in felis donec,Adella Cottu,sci-fi,733,4305
41,suspendisse potenti in,Brnaby Hlavac,fiction,127,3355
42,magna at nunc,Brade Kern,non-fiction,552,2112
43,ac consequat metus,Syd Biever,romance,245,3519
44,lectus aliquam sit,Maurene Goeff,romance,160,1062
45,quam fringilla,Petra Prevett,fiction,487,1849
46,sed sagittis,Coreen Gay,romance,433,2826
47,quam suspendisse potenti,Pammy Hibling,non-fiction,313,1024
48,convallis tortor risus,Egon Gallgher,fiction,627,1838
49,vulputate luctus,Jayme Bradbeer,non-fiction,155,3190
50,interdum in,Gayleen Layus,fiction,495,1815
51,interdum mauris ullamcorper,Carlyn Goad,mystery,870,3563
52,vehicula condimentum,Izzy Langfat,romance,194,4317
53,consequat dui nec,Adelice Brahams,romance,924,3739
54,rutrum ac lobortis,Elladine Smales,romance,287,3045
55,quam turpis adipiscing,Yanaton Juggings,romance,376,1272
56,blandit nam,Valentina Balk,sci-fi,312,1989
57,blandit lacinia erat,Eleonora Dines,sci-fi,747,1380
58,gravida nisi at,Willie Hulles,romance,848,1810
59,nam congue risus,Thebault Knowlton,sci-fi,588,4251
60,nisl venenatis,Alejandrina Chastaing,fiction,511,4194
61,massa donec dapibus,Lennard Burnsell,fiction,856,4018
62,feugiat et eros,Cordelie Gingle,mystery,624,4586
63,vitae mattis nibh,Marlin Burroughes,romance,255,1949
64,mattis odio,Calida Marchington,fiction,455,2034
65,integer aliquet massa,Billye Rambadt,non-fiction,918,1688
66,sapien cum sociis,Yetty Leverson,non-fiction,629,4422
67,nam dui proin,Marybelle Bathoe,fiction,638,4059
68,nulla nisl nunc,Kevon Woolfoot,non-fiction,783,4222
69,placerat praesent blandit,Tris Juppe,romance,325,1477
70,duis at,Olive Forman,romance,514,4662
71,sed augue,Fowler Oliphand,sci-fi,840,4024
72,in purus,Tybalt Oakeby,fiction,657,1663
73,ipsum aliquam non,Joelynn Backshill,non-fiction,733,1427
74,ultrices vel,Vance Ianiello,fiction,304,1095
75,pede malesuada in,Lacy McBeith,non-fiction,298,2881
76,faucibus orci luctus,Quincey Ginley,fiction,417,3857
77,nisi at nibh,Danielle Garnsworth,fiction,161,4515
78,orci vehicula,Glenn Stoneman,sci-fi,782,2384
79,vel augue,Rhys Treneer,sci-fi,671,2092
80,pretium quis,Carley McCreery,non-fiction,638,4010
81,dis parturient montes,Wilfrid Heatley,mystery,551,1222
82,lacinia nisi,Westleigh Hum,romance,594,1005
83,pellentesque at nulla,Kendall Andor,fiction,436,3455
84,ligula nec,Chickie Warbys,non-fiction,517,2968
85,curabitur in libero,Mirella Domokos,non-fiction,105,3608
86,in lectus,Elsie Coveley,mystery,96,2047
87,habitasse platea,Gipsy Cartmell,romance,633,4886
88,diam erat fermentum,Rebbecca Diviney,sci-fi,901,2916
89,elementum nullam varius,Zacharia Balderstone,romance,864,4364
90,dolor vel,Alisha Edgson,sci-fi,938,1607
91,ultrices vel,Karel Wicher,romance,732,4220
92,dapibus augue,Madge Sivill,mystery,796,2134
93,imperdiet nullam orci,Armando Dabbs,sci-fi,835,1252
94,pellentesque at,Tad Stoddard,fiction,691,1957
95,id justo,Evangelin Elsom,mystery,159,1898
96,suscipit a feugiat,Carolyn Duxfield,non-fiction,707,2919
97,nulla eget,Riobard Yeowell,mystery,947,2210
98,tristique tortor,Cecile Lauks,sci-fi,783,4146
99,quam pede,Dar O'Gorman,romance,793,4959
100,amet lobortis sapien,Shurlock Morrallee,sci-fi,488,1041
101,est et tempus,Prentice O'Hagan,sci-fi,689,2330
102,at lorem,Prinz Hopewell,fiction,753,3822
103,id nulla,Nonnah Clayworth,sci-fi,858,3382
104,non quam nec,Gretal Hallstone,romance,76,2766
105,diam in magna,Gustie Blaxley,romance,487,1532
106,enim in,Bridget Colchett,fiction,86,3708
107,velit nec,Xavier Ledgard,mystery,949,1219
108,orci luctus,Alisha O'Carmody,mystery,384,3321
109,mi in porttitor,Sybil Pogosian,sci-fi,966,3311
110,laoreet ut rhoncus,Carlos Carle,romance,943,3381
111,sed justo pellentesque,Ally Spinetti,fiction,537,2034
112,at diam nam,Nolie Killough,non-fiction,116,4981
113,malesuada in,Gavan Goodoune,mystery,785,3824
114,ante ipsum,Ottilie Salling,fiction,498,3400
115,congue risus semper,Clo Loyndon,sci-fi,978,1971
116,at lorem integer,Pierette Sowle,fiction,659,3233
117,tempus sit,Paxon Gethen,fiction,317,2902
118,aliquam quis,Eadmund Bosworth,mystery,385,1112
119,eros elementum pellentesque,Warden Dwyr,sci-fi,401,4070
120,tortor risus dapibus,Pennie Stooders,sci-fi,436,3530
121,ac diam cras,Adham Voaden,non-fiction,145,3222
122,commodo placerat praesent,Alric Koene,non-fiction,478,3968
123,curae nulla dapibus,Celinda Pittem,fiction,960,2471
124,bibendum imperdiet,Ashely Vezey,fiction,202,3007
125,integer pede,Vernen Brosel,mystery,993,1108
126,quam fringilla rhoncus,Domenico Morison,non-fiction,528,2375
127,curae duis faucibus,Jodie Coppock.,sci-fi,931,3013
128,cum sociis,Gelya Hadwick,fiction,404,1903
129,et ultrices posuere,Blaine Berrey,sci-fi,224,3965
130,dictumst morbi vestibulum,Mireille Excell,romance,626,1777
131,quam nec,Charisse Matyushenko,non-fiction,825,4448
132,lobortis est,Arabelle Teissier,mystery,735,3654
133,blandit lacinia,Hamid Schapero,non-fiction,338,3670
134,arcu libero,Baudoin Pickavant,non-fiction,497,1274
135,ante vivamus,Neila Hardes,mystery,151,4446
136,leo rhoncus sed,Duncan Caldron,sci-fi,756,3925
137,volutpat sapien arcu,Billi Willetts,non-fiction,58,3810
138,at diam nam,Modesta Keddie,mystery,138,4177
139,nisl ut volutpat,Vicky Groundwater,mystery,951,1049
140,ipsum aliquam non,Creighton Skade,fiction,245,4206
141,congue eget semper,Esmaria Karolczyk,sci-fi,502,4438
142,blandit nam nulla,Carmina Daniau,mystery,102,2221
143,eu sapien,Sheila Roulston,fiction,608,3350
144,ante ipsum,Agace Rainville,romance,387,4844
145,aliquam augue,Baryram Falkner,non-fiction,228,3624
146,sit amet,Nerissa Libero,fiction,155,1915
147,dui luctus rutrum,Mozelle Skipperbottom,mystery,753,2292
148,quam a,Dara Sibborn,mystery,442,3144
149,dapibus nulla suscipit,Shayna Roj,non-fiction,228,1458
150,praesent lectus vestibulum,Wade Moakes,non-fiction,277,3191
151,malesuada in imperdiet,Sebastien Philipp,mystery,511,3997
152,duis bibendum,Dunn Blaycock,mystery,290,2289
153,rutrum rutrum,Sonni Slocumb,fiction,274,1232
154,diam neque,Graehme Gavan,non-fiction,756,4408
155,pede ac diam,Neil Woodison,mystery,642,2973
156,dis parturient,Athena Christophle,non-fiction,973,3694
157,duis bibendum morbi,August Glen,romance,889,2062
158,ligula pellentesque,Nickolas Hanney,sci-fi,176,3297
159,proin risus,Gretel Bambury,romance,389,3120
160,mauris non,Clevie Beeden,romance,272,1513
161,montes nascetur,Killy Brandi,sci-fi,452,1857
162,fusce lacus purus,Carmon Dulany,fiction,526,1670
163,cubilia curae mauris,Ugo Filmer,romance,353,3129
164,proin interdum mauris,Elana Lilloe,fiction,505,2492
165,venenatis lacinia aenean,Ammamaria Eade,romance,991,4425
166,at vulputate vitae,Hanson Lawland,non-fiction,499,4109
167,lacinia sapien quis,Langston Brothwell,fiction,639,3342
168,at velit,Cash Gurnay,mystery,64,2510
169,ligula vehicula consequat,Bari Westraw,mystery,305,4837
170,eu orci mauris,Robina Cranston,mystery,668,4352
171,turpis sed,Gerrie Gravenall,non-fiction,244,4906
172,odio cras mi,Melitta Grenter,sci-fi,431,2390
173,tortor id,Inglis Dockrey,romance,915,4200
174,felis fusce posuere,Janean Huntall,fiction,358,4600
175,id sapien,Jocelin Vassay,sci-fi,831,2376
176,in faucibus,Bill Volleth,mystery,895,1738
177,porta volutpat erat,Sadye Brouncker,romance,990,3713
178,justo maecenas,Annamaria Lodwig,sci-fi,856,4808
179,elementum in hac,Hershel Sherwill,mystery,989,3048
180,ac neque duis,Dusty Jeffery,fiction,564,2418
181,felis fusce posuere,Netta Danovich,sci-fi,237,2335
182,nunc vestibulum,Dania Leith,sci-fi,507,2475
183,odio cras,Ramon Zupa,romance,893,2958
184,felis fusce posuere,Prisca Balwin,romance,297,1317
185,eget congue eget,Karoly Aslam,sci-fi,199,1416
186,blandit nam nulla,Valli Carlone,non-fiction,457,4500
187,est risus,Nathalia Wason,sci-fi,217,4515
188,duis bibendum morbi,Deanna Grute,non-fiction,187,1279
189,sit amet nulla,Jedidiah Pavlenkov,romance,340,4069
190,dolor morbi,Giraldo World,mystery,733,2485
191,orci eget,Madelon Sancias,romance,282,4963
192,vulputate luctus,Erin Lorinez,fiction,470,1222
193,feugiat et eros,Enos Center,romance,563,1945
194,amet nunc viverra,Malena Fay,romance,772,2140
195,tincidunt nulla,Mateo Candish,non-fiction,400,3430
196,turpis a pede,Ephrayim Sibbson,sci-fi,801,3713
197,eget massa tempor,Cecile Burchall,sci-fi,320,4541
198,risus semper porta,Willette Hammerberg,romance,365,2701
199,lectus suspendisse potenti,Adeline McGeorge,non-fiction,539,2172
200,ullamcorper purus sit,Elianora Halksworth,fiction,81,3466
201,nunc proin,Vally Pinel,non-fiction,406,3794
202,augue vestibulum,Bonnee Hyett,fiction,879,1336
203,pede libero,Randal Adame,non-fiction,183,4608
204,luctus et ultrices,Ripley Bodle,sci-fi,66,2212
205,porttitor pede justo,Ellsworth Bedell,sci-fi,906,1822
206,convallis duis consequat,Pearl Maddick,romance,831,2734
207,euismod scelerisque,Lotte Guerrin,sci-fi,912,2305
208,phasellus sit amet,Amos Paulson,sci-fi,869,2354
209,semper rutrum,Anne Billingsley,mystery,846,2367
210,turpis elementum ligula,Gale Broster,fiction,618,3782
211,est risus auctor,Lauree Hollingsby,sci-fi,631,2182
212,ut rhoncus,Liana Towl,mystery,395,2428
213,suspendisse accumsan,Junia Timpany,fiction,532,1319
214,ipsum ac,Archibold Northwood,mystery,279,2947
215,eget vulputate,Othella Luff,mystery,672,2327
216,sit amet eleifend,Marena Alexsandrowicz,mystery,298,4557
217,ipsum primis in,Corena Negal,sci-fi,917,4578
218,quisque ut,Torry Lavis,non-fiction,826,2706
219,ante vel ipsum,Callean Bricket,non-fiction,872,4929
220,convallis nulla,Raven Beardsley,fiction,832,3059
221,ut erat,Lyssa Wellbeloved,sci-fi,830,3960
222,eleifend luctus ultricies,Andriana Wardall,non-fiction,154,3156
223,sem mauris laoreet,Skell Heselwood,fiction,655,4130
224,dolor vel,Winston Gery,fiction,222,2347
225,orci luctus,Denise Macey,non-fiction,116,2567
226,id mauris,Taber Ewens,mystery,722,2326
227,morbi quis tortor,Sigismundo Iley,fiction,825,3245
228,donec vitae,Josh Birtchnell,non-fiction,790,1355
229,metus arcu,Rab Sampey,fiction,435,1652
230,in tempus,Carney Gilston,non-fiction,954,3670
231,ut erat,Ignaz Wickenden,non-fiction,924,2001
232,imperdiet nullam orci,Carolynn O' Hogan,sci-fi,60,1148
233,curabitur at ipsum,Willem Wheildon,romance,174,2721
234,tortor eu pede,Susana Doughty,romance,662,1054
235,nunc rhoncus dui,Panchito Cotterill,romance,391,2773
236,imperdiet sapien,Franny Simonian,non-fiction,931,1465
237,nonummy integer non,Lisabeth Broom,fiction,596,1194
238,porta volutpat,Jameson Pearne,mystery,675,1218
239,primis in,Bil Akett,fiction,224,2042
240,bibendum morbi non,Rutledge Belchamber,romance,561,3573
241,sagittis sapien,Benedikta McVitie,mystery,358,3010
242,elit proin interdum,Jacki Baughn,non-fiction,738,2035
243,augue vel accumsan,Julius Latta,non-fiction,469,1865
244,interdum eu,Randi Peal,fiction,126,1752
245,turpis eget elit,Merrilee Tilliard,fiction,262,4136
246,donec dapibus duis,Dyann Conrart,mystery,932,1281
247,nunc nisl,Rochester Dennehy,non-fiction,678,3161
248,maecenas rhoncus,Bail Everleigh,sci-fi,503,4827
249,eu est,Zsazsa Calafato,non-fiction,430,4492
250,lorem ipsum,Noellyn McInnery,romance,803,1343
251,ante ipsum primis,Denney D'Aubney,non-fiction,232,3787
252,nisl nunc nisl,Hans Hockey,sci-fi,761,2709
253,volutpat dui,Durand Moxon,mystery,578,3020
254,amet turpis elementum,Katharine Elacoate,non-fiction,139,3822
255,urna ut tellus,Sybilla Linck,romance,397,4741
256,consequat in consequat,Wylie Splevings,sci-fi,433,3016
257,sapien varius,Angil Dignall,non-fiction,268,4873
258,arcu sed,Jessalin Sprulls,sci-fi,249,1902
259,quam pede,Martino Perrigo,romance,272,4073
260,id massa,Alvira Racine,non-fiction,638,4540
261,pretium quis,Marcelline Walsh,non-fiction,633,3272
262,tristique in,Serge Beringer,sci-fi,607,2652
263,sapien cum sociis,Jinny Jowle,non-fiction,867,4912
264,varius nulla,Yves Murrey,sci-fi,744,2210
265,in faucibus,Isaak Baldazzi,sci-fi,593,1838
266,vel augue vestibulum,Leif Maryott,non-fiction,874,1606
267,mauris ullamcorper purus,Cedric MacDuffie,fiction,343,3463
268,lectus suspendisse,Lockwood de Marco,mystery,385,1843
269,amet turpis,Elane Biggerdike,non-fiction,993,3535
270,aliquet pulvinar sed,Odetta Shortcliffe,sci-fi,62,2393
271,mi nulla,Saunders Whitecross,romance,245,4759
